Sum of normalized_frequency	Column Labels					
Row Labels	Art	Education Economics	History	Religion	War	Grand Total
3	100					100
987	100					100
994	100					100
1030	100					100
1070	100					100
1100						
1101	100					100
1115	100					100
1260	16.66666667					16.66666667
1275			12.5			12.5
1300						
1336	20					20
1360	33.33333333					33.33333333
1369	50					50
1400	0.961538462					0.961538462
1405	25					25
1410	33.33333333					33.33333333
1420	10					10
1425	5.555555556					5.555555556
1430	18.18181818					18.18181818
1440	8.333333333					8.333333333
1445	20					20
1460	16.66666667					16.66666667
1463						
1468				6.666666667		6.666666667
1470	0.854700855					0.854700855
1471				1.041666667		1.041666667
1472	0.64516129					0.64516129
1473			0.662251656			0.662251656
1474						
1475	1.2			0.8		2
1476			1.01010101	0.505050505		1.515151515
1477						
1479				0.826446281		0.826446281
1480	1.176470588	0.392156863				1.568627451
1481	0.480769231		0.480769231	1.442307692		2.403846154
1482	0.892857143	0.446428571				1.339285714
1483		0.434782609		0.434782609		0.869565217
1484				0.529100529		0.529100529
1485				0.714285714		0.714285714
1487	0.454545455			0.454545455		0.909090909
1489						
1490				0.272479564		0.272479564
1492	0.934579439	0.31152648				1.246105919
1493		0.27700831	0.27700831			0.55401662
1494		0.55401662				0.55401662
1495				0.240384615		0.240384615
1496			0.267379679			0.267379679
1497			0.235849057	0.235849057		0.471698113
1498		0.253807107				0.253807107
1499		0.27100271		0.54200542		0.81300813
1500	1.488833747		0.124069479	0.248138958		1.861042184
1501	0.490196078					0.490196078
1503	0.505050505					0.505050505
1504		0.561797753				0.561797753
1506	0.531914894			0.531914894		1.063829787
1507	0.485436893		0.485436893	0.485436893		1.45631068
1508	0.45045045					0.45045045
1510	0.3125			0.3125		0.625
1512	0.395256917			0.395256917		0.790513834
1513			0.362318841			0.362318841
1514	0.653594771			0.326797386		0.980392157
1515	1.242236025					1.242236025
1516		0.324675325	0.649350649	0.649350649		1.623376623
1517	0.293255132		0.293255132			0.586510264
1518		0.251889169				0.251889169
1520	0.148809524					0.148809524
1521	0.182815356			0.182815356		0.365630713
1523	0.166112957	0.166112957		0.166112957		0.49833887
1525	0.192678227		0.578034682	0.192678227		0.963391137
1526		0.23255814	0.23255814			0.465116279
1527		0.276243094				0.276243094
1529		0.279329609				0.279329609
1530	0.358422939					0.358422939
1531				0.487804878		0.487804878
1533			0.259067358			0.259067358
1534			0.486618005			0.486618005
1535						
1537		0.246305419	0.246305419	0.246305419		0.738916256
1538		0.392156863				0.392156863
1539				0.203665988		0.203665988
1540		0.956022945				0.956022945
1541		0.239808153				0.239808153
1542	0.197238659			0.394477318		0.591715976
1543	0.189035917		0.378071834	0.56710775		1.134215501
1544	0.188679245	0.377358491	0.188679245	0.377358491		1.132075472
1545	0.173010381		0.173010381			0.346020761
1546						
1547		0.41322314	0.20661157			0.619834711
1548				0.168067227		0.168067227
1549				0.286532951		0.286532951
1550		0.1017294				0.1017294
1551		0.15625				0.15625
1552				0.169779287		0.169779287
1553		0.175438596	0.701754386			0.877192982
1554		0.162337662	0.487012987			0.649350649
1555	0.281293952	0.281293952	0.281293952			0.843881857
1556		0.428571429	0.285714286			0.714285714
1557	0.343642612					0.343642612
1558		0.161550889		0.161550889		0.323101777
1559	0.163398693					0.163398693
1560	0.142653352	0.142653352	0.142653352	0.285306705		0.713266762
1561			0.155520995			0.155520995
1562	0.303951368	0.151975684	0.151975684	0.151975684		0.759878419
1563	0.185873606					0.185873606
1564	0.183150183			0.183150183		0.366300366
1565				0.509337861		0.509337861
1566	0.141843972	0.141843972		0.283687943		0.567375887
1567				0.541516245		0.541516245
1568		0.384615385				0.384615385
1569						
1570				0.310559006		0.310559006
1572			0.136054422	0.136054422		0.272108844
1573			0.175746924	0.351493849		0.527240773
1574	0.162074554					0.162074554
1575		0.315457413		0.157728707		0.47318612
1576		0.180505415	0.180505415	0.180505415		0.541516245
1577				0.203665988		0.203665988
1578	0.179856115					0.179856115
1579		0.197628458		0.197628458		0.395256917
1580		0.152207002	0.152207002	0.152207002		0.456621005
1581						
1582		0.154559505	0.463678516			0.618238022
1583		0.163132137	0.163132137	0.163132137		0.489396411
1584		0.139082058		0.139082058		0.278164117
1585				0.138504155		0.138504155
1586						
1587			0.147058824	0.147058824		0.294117647
1588			0.134048257			0.134048257
1589		0.335008375	0.335008375	0.167504188		0.837520938
1590	0.15600624		0.31201248	0.31201248		0.780031201
1591			0.185185185			0.185185185
1592			0.18018018			0.18018018
1593		0.183486239		0.183486239		0.366972477
1594		0.167504188				0.167504188
1596			0.326264274	0.163132137		0.489396411
1597			0.313479624			0.313479624
1598			0.429184549			0.429184549
1599			0.15503876	0.15503876		0.310077519
1600	0.219298246		0.328947368	0.109649123		0.657894737
1601	0.181818182		0.727272727			0.909090909
1602	0.169491525		0.169491525	0.338983051		0.677966102
1603		0.170357751		0.170357751		0.340715503
1604	0.157728707	0.157728707	0.157728707			0.47318612
1605		0.16722408	0.334448161	0.16722408		0.668896321
1606			0.139664804			0.139664804
1607	0.143061516			0.429184549		0.572246066
1608						
1609				0.480769231		0.480769231
1610				0.119760479		0.119760479
1611		0.142653352		0.142653352		0.285306705
1612						
1613	0.154559505					0.154559505
1614				0.249066002		0.249066002
1615	0.367647059	0.12254902	0.12254902	0.245098039		0.857843137
1616	0.136239782					0.136239782
1617		0.127226463		0.127226463		0.254452926
1618				0.108577633		0.108577633
1619	0.110375276			0.220750552		0.331125828
1620	0.091659028					0.091659028
1621	0.12254902		0.12254902			0.245098039
1622	0.139275766		0.278551532			0.417827298
1623		0.152439024				0.152439024
1624	0.147275405					0.147275405
1625	0.136054422					0.136054422
1626	0.155520995		0.155520995			0.311041991
1627	0.164203612		0.164203612			0.328407225
1628			0.137741047			0.137741047
1629	0.161812298	0.161812298				0.323624595
1630	0.259403372	0.129701686		0.389105058		0.778210117
1631	0.151057402		0.453172205			0.604229607
1632	0.18018018	0.18018018				0.36036036
1633	0.156985871	0.156985871		0.470957614		0.784929356
1634	0.174216028		0.348432056			0.522648084
1635		0.157977883	0.473933649	0.157977883		0.789889415
1636	0.186219739			0.186219739		0.372439479
1637	0.51457976			0.171526587		0.686106346
1638				0.166112957		0.166112957
1639		0.350877193	0.175438596			0.526315789
1640	0.239520958	0.119760479		0.239520958		0.598802395
1641		0.068212824		0.204638472		0.272851296
1642	0.046904315	0.09380863		0.09380863		0.234521576
1643	0.075414781		0.075414781	0.075414781		0.226244344
1644				0.096899225		0.096899225
1645	0.093632959		0.093632959			0.187265918
1646		0.168634064				0.168634064
1647				0.069013112		0.069013112
1648			0.058072009			0.058072009
1649	0.034831069	0.069662139		0.034831069		0.139324277
1650	0.167785235	0.111856823		0.167785235		0.447427293
1651	0.072833212	0.072833212		0.145666424		0.291332848
1652		0.098570724	0.049285362	0.098570724		0.246426811
1653		0.187969925	0.093984962			0.281954887
1654		0.281690141		0.375586854		0.657276995
1655		0.089928058		0.089928058		0.179856115
1656	0.171526587	0.171526587	0.25728988	0.085763293		0.686106346
1657	0.094339623	0.377358491	0.094339623	0.188679245		0.754716981
1658	0.175438596	0.087719298	0.175438596			0.438596491
1659		0.194931774				0.194931774
1660	0.101626016	0.203252033		0.050813008		0.355691057
1661				0.242522231		0.242522231
1662	0.254452926	0.339270568		0.254452926		0.848176421
1663		0.085324232				0.085324232
1664	0.165016502	0.082508251	0.082508251	0.082508251		0.412541254
1665		0.089047195	0.267141585	0.267141585		0.623330365
1666	0.237529691			0.237529691		0.475059382
1667	0.207039337	0.103519669	0.621118012	0.103519669		1.035196687
1668	0.282485876	0.094161959	0.188323917	0.282485876		0.847457627
1669	0.09765625	0.09765625		0.29296875		0.48828125
1670	0.082850041	0.082850041	0.082850041			0.248550124
1671		0.187617261	0.187617261	0.09380863		0.469043152
1672	0.07558579	0.07558579	0.07558579	0.15117158		0.377928949
1673		0.092421442	0.092421442	0.369685767		0.554528651
1674		0.256410256				0.256410256
1675	0.082644628	0.578512397	0.247933884	0.165289256		1.074380165
1676		0.17699115	0.17699115	0.442477876		0.796460177
1677	0.093896714	0.187793427	0.375586854	0.093896714		0.751173709
1678	0.082440231	0.247320692	0.164880462	0.082440231		0.577081616
1679	0.068540096	0.137080192	0.068540096			0.274160384
1680	0.057240985	0.057240985	0.114481969	0.286204923		0.515168861
1681	0.260926288	0.065231572	0.065231572			0.391389432
1682	0.072516316			0.145032632		0.217548949
1683		0.211267606		0.492957746		0.704225352
1684	0.132362674		0.066181337	0.198544011		0.397088021
1685	0.064308682	0.064308682	0.192926045	0.064308682		0.38585209
1686		0.167926113	0.167926113	0.251889169		0.587741394
1687	0.080192462	0.080192462	0.160384924	0.801924619		1.122694467
1688	0.28280543	0.056561086	0.056561086	0.226244344		0.622171946
1689			0.118764846	0.356294537		0.475059382
1690		0.199203187	0.066401062	0.132802125		0.398406375
1691	0.082169269	0.082169269		0.410846343		0.575184881
1692	0.082576383			0.082576383		0.165152766
1693		0.075987842	0.075987842	0.075987842		0.227963526
1694	0.083472454	0.41736227	0.083472454	0.166944908		0.751252087
1695	0.071073205		0.071073205	0.355366027		0.497512438
1696			0.216606498			0.216606498
1697	0.149253731	0.074626866	0.149253731	0.149253731		0.52238806
1698	0.07057163	0.14114326	0.07057163	0.282286521		0.564573042
1699	0.07733952	0.154679041	0.07733952	0.154679041		0.464037123
1700	0.137883488		0.172354361	0.137883488		0.448121337
1701	0.08841733	0.08841733		0.265251989		0.442086649
1702	0.17167382		0.08583691	0.25751073		0.515021459
1703	0.310559006			0.207039337		0.517598344
1704	0.088573959	0.088573959	0.088573959	0.088573959		0.354295837
1705	0.263157895	0.087719298	0.087719298	0.263157895		0.701754386
1706	0.269541779	0.179694519	0.08984726	0.179694519		0.718778077
1707	0.084961767	0.084961767	0.254885302	0.169923534		0.59473237
1708		0.093457944	0.093457944	0.186915888		0.373831776
1709	0.185701021	0.278551532	0.185701021	0.278551532		0.928505107
1710				0.132450331		0.132450331
1711	0.308404009	0.077101002		0.231303007		0.616808019
1712	0.076277651		0.305110603	0.228832952		0.610221205
1713	0.259291271	0.259291271	0.086430424	0.086430424		0.691443388
1714	0.223214286	0.223214286	0.074404762	0.148809524		0.669642857
1715	0.149588631			0.149588631		0.299177263
1716	0.082850041	0.082850041	0.331400166	0.414250207		0.911350456
1717	0.143678161	0.215517241		0.287356322		0.646551724
1718	0.152788388	0.152788388		0.152788388		0.458365164
1719	0.157356412		0.078678206			0.236034618
1720	0.172910663	0.23054755		0.345821326		0.749279539
1721	0.301659125	0.150829563	0.150829563	0.075414781		0.678733032
1722	0.409165303	0.245499182	0.081833061	0.490998363		1.227495908
1723	0.161681487		0.323362975	0.242522231		0.727566694
1724	0.160513644	0.080256822		0.401284109		0.642054575
1725	0.147167035	0.073583517	0.073583517	0.220750552		0.515084621
1726	0.313971743		0.156985871			0.470957614
1727	0.146627566	0.146627566		0.366568915		0.659824047
1728	0.243704305	0.162469537	0.081234768	0.243704305		0.731112916
1729	0.311041991		0.155520995	0.233281493		0.699844479
1730	0.301568154	0.120627262	0.180940893	0.301568154		0.904704463
1731	0.228658537		0.228658537	0.076219512		0.533536585
1732	0.328947368	0.131578947	0.263157895	0.131578947		0.855263158
1733	0.192678227	0.064226076	0.128452152	0.385356455		0.770712909
1734	0.298730396	0.224047797	0.224047797	0.149365198		0.896191187
1735	0.124223602	0.310559006	0.248447205	0.124223602		0.807453416
1736	0.065316786	0.195950359				0.261267146
1737	0.202839757	0.405679513	0.338066261	0.135226504		1.081812035
1738	0.136425648			0.204638472		0.34106412
1739	0.324675325	0.064935065	0.064935065	0.064935065		0.519480519
1740	0.284090909	0.056818182	0.397727273	0.227272727		0.965909091
1741	0.277970813	0.069492703	0.138985407	0.20847811		0.694927033
1742	0.204918033	0.341530055	0.068306011	0.136612022		0.75136612
1743	0.367647059	0.147058824	0.220588235	0.294117647		1.029411765
1744	0.141542817	0.070771408	0.283085633	0.212314225		0.707714084
1745	0.273972603	0.136986301	0.068493151	0.273972603		0.753424658
1746	0.151400454	0.151400454	0.075700227	0.227100681		0.605601817
1747	0.27758501	0.069396253	0.069396253	0.069396253		0.485773768
1748	0.139958013	0.139958013	0.209937019	0.069979006		0.55983205
1749	0.186451212		0.435052828	0.062150404		0.683654444
1750	0.226244344	0.135746606	0.226244344	0.045248869		0.633484163
1751	0.244798042	0.183598531				0.428396573
1752	0.307534598	0.051255766	0.153767299	0.256278831		0.768836494
1753	0.485961123	0.05399568	0.107991361	0.05399568		0.701943844
1754	0.740283775	0.678593461	0.246761258	0.185070944		1.850709439
1755	0.190839695	0.318066158	0.254452926	0.318066158		1.081424936
1756	0.475059382	0.178147268	0.41567696	0.059382423		1.128266033
1757	0.431034483	0.184729064	0.246305419	0.307881773		1.169950739
1758	0.31152648	0.062305296	0.373831776	0.249221184		0.996884735
1759	0.322580645	0.193548387	0.258064516			0.774193548
1760	0.241545894	0.193236715	0.096618357			0.531400966
1761	0.188679245	0.062893082	0.125786164	0.062893082		0.440251572
1762	0.290697674	0.11627907	0.174418605	0.058139535		0.639534884
1763	0.229095074	0.057273769	0.229095074	0.057273769		0.572737686
1764	0.167691448	0.167691448	0.335382895	0.111794298		0.782560089
1765	0.157068063	0.314136126	0.209424084	0.104712042		0.785340314
1766	0.190114068	0.190114068	0.285171103			0.66539924
1767	0.305810398	0.101936799	0.152905199	0.0509684		0.611620795
1768	0.308008214	0.359342916	0.154004107	0.102669405		0.924024641
1769	0.407331976	0.356415479	0.356415479	0.050916497		1.17107943
1770	0.494159928	0.134770889	0.134770889	0.134770889		0.898472597
1771	0.09629273	0.09629273	0.529610014	0.144439095		0.866634569
1772	0.390053632	0.195026816	0.48756704	0.097513408		1.170160897
1773	0.458715596	0.305810398	0.203873598	0.152905199		1.121304791
1774	0.257201646		0.308641975	0.102880658		0.66872428
1775	0.299529311	0.171159606	0.213949508	0.128369705		0.81300813
1776	0.175824176	0.571428571	0.307692308	0.21978022		1.274725275
1777	0.294365013	0.252312868	0.210260723			0.756938604
1778	0.312360553	0.178491745	0.178491745	0.223114681		0.892458724
1779	0.399113082	0.177383592	0.133037694	0.088691796		0.798226164
1780	0.407497963	0.244498778	0.32599837	0.081499593		1.059494703
1781	0.436871997	0.349497597	0.305810398	0.087374399		1.179554391
1782	0.502302219	0.167434073	0.209292591	0.209292591		1.088321473
1783	0.355029586	0.394477318	0.473372781	0.157790927		1.380670611
1784	0.218340611	0.327510917	0.145560408	0.072780204		0.76419214
1785	0.374404357	0.238257318	0.272294078	0.03403676		0.918992512
1786	0.21978022	0.256410256	0.32967033	0.073260073		0.879120879
1787	0.228907783	0.294310007	0.196206671	0.130804447		0.850228908
1788	0.197758734	0.296638102	0.131839156	0.131839156		0.758075148
1789	0.389646535	0.222655163	0.333982744	0.055663791		1.001948233
1790	0.325803649	0.390964379	0.238922676	0.195482189		1.151172893
1791	0.20718232	0.32228361	0.184162063			0.713627993
1792	0.43715847	0.191256831	0.218579235	0.081967213		0.928961749
1793	0.118063754	0.20661157	0.088547816	0.088547816		0.501770956
1794	0.169779287	0.13582343	0.101867572	0.067911715		0.475382003
1795	0.137551582	0.068775791	0.309491059	0.103163686		0.618982118
1796	0.24196336	0.518492914	0.276529554	0.034566194		1.071552022
1797	0.091463415	0.304878049	0.152439024	0.091463415		0.640243902
1798	0.150466446	0.210653024	0.240746314	0.060186578		0.662052362
1799	0.027762354	0.166574125	0.305385897	0.055524708		0.555247085
1800	0.160222175	0.138859218	0.085451827	0.117496261		0.502029481
1801	0.069637883	0.278551532	0.139275766	0.139275766		0.626740947
1802	0.174764069	0.209716882	0.27962251	0.069905627		0.734009088
1803	0.229960578	0.328515112	0.131406045	0.065703022		0.755584757
1804	0.174276751	0.453119554	0.139421401	0.174276751		0.941094458
1805	0.074571216	0.33557047	0.223713647	0.149142431		0.782997763
1806	0.117141742	0.117141742	0.156188989	0.195236236		0.585708708
1807	0.301318267	0.564971751	0.338983051	0.11299435		1.31826742
1808	0.104529617	0.139372822	0.069686411	0.034843206		0.348432056
1809	0.210084034	0.378151261	0.12605042	0.042016807		0.756302521
1810	0.09563277	0.22314313	0.25502072	0.09563277		0.669429391
1811	0.079522863	0.079522863	0.119284294	0.039761431		0.318091451
1812	0.235941801	0.235941801	0.078647267	0.078647267		0.629178136
1813	0.119284294	0.119284294	0.079522863	0.079522863		0.397614314
1814	0.157480315	0.409448819	0.094488189			0.661417323
1815	0.090470446	0.211097708	0.150784077	0.150784077		0.603136309
1816	0.056401579	0.282007896	0.084602369	0.084602369		0.507614213
1817	0.127648711	0.280827164	0.102118969	0.102118969		0.612713812
1818	0.241092955	0.321457273	0.080364318	0.187516743		0.830431289
1819	0.125976316	0.22675737	0.07558579	0.125976316		0.554295792
1820	0.098814229	0.197628458	0.098814229	0.059288538		0.454545455
1821	0.078023407	0.208062419	0.364109233	0.130039012		0.78023407
1822	0.098231827	0.245579568	0.245579568	0.049115914		0.638506876
1823	0.071856287	0.047904192	0.143712575	0.143712575		0.407185629
1824	0.250365116	0.354683914	0.271228875	0.125182558		1.001460463
1825	0.109075044	0.327225131	0.152705061	0.327225131		0.916230366
1826	0.215053763	0.143369176	0.215053763	0.215053763		0.788530466
1827	0.134770889	0.179694519	0.112309075	0.134770889		0.561545373
1828	0.181323663	0.158658205	0.249320036	0.158658205		0.747960109
1829	0.146168302	0.396742535	0.146168302	0.146168302		0.835247442
1830	0.25702536	0.205620288	0.222755312	0.034270048		0.719671008
1831	0.089605735	0.17921147	0.112007168	0.201612903		0.582437276
1832	0.091533181	0.297482838	0.251716247	0.114416476		0.755148741
1833	0.154185022	0.154185022	0.154185022	0.154185022		0.616740088
1834	0.163465468	0.388230486	0.326930936	0.265631385		1.144258275
1835	0.120772947	0.18115942	0.221417069	0.201288245		0.724637681
1836	0.08125127	0.182815356	0.264066626	0.162502539		0.690635791
1837	0.113981763	0.170972644	0.170972644	0.151975684		0.607902736
1838	0.297678111	0.277832903	0.059535622	0.238142489		0.873189125
1839	0.133536818	0.11446013	0.152613506	0.171690195		0.572300649
1840	0.130081301	0.211382114	0.227642276	0.195121951		0.764227642
1841	0.244406843	0.169204738	0.112803158	0.225606317		0.752021057
1842	0.149003539	0.186254424	0.093127212	0.279381635		0.707766809
1843	0.1171875	0.234375	0.1953125	0.17578125		0.72265625
1844	0.209424084	0.209424084	0.226876091	0.226876091		0.872600349
1845	0.158758158	0.246957135	0.246957135	0.105838772		0.758511201
1846	0.067193012	0.100789518	0.134386024	0.268772048		0.571140601
1847	0.226463928	0.194111938	0.194111938	0.161759948		0.776447752
1848	0.073251129	0.15871078	0.219753388	0.134293737		0.586009034
1849	0.067923247	0.169808117	0.186788929	0.050942435		0.475462727
1850	0.116245278	0.217959895	0.116245278	0.101714618		0.552165068
1851	0.105097215	0.175162025	0.192678227	0.192678227		0.665615695
1852	0.204429302	0.085178876	0.136286201	0.272572402		0.69846678
1853	0.0968523	0.0645682	0.17756255	0.274414851		0.613397902
1854	0.162443145	0.064977258	0.211176088	0.308641975		0.747238467
1855	0.295806508	0.156603445	0.226204977	0.208804594		0.887419523
1856	0.103573278	0.120835491	0.138097704	0.327982047		0.690488521
1857	0.098863075	0.18124897	0.115340254	0.214203328		0.609655627
1858	0.098700444	0.16450074	0.131600592	0.131600592		0.526402369
1859	0.107066381	0.137656776	0.152951973	0.137656776		0.535331906
1860	0.178933556	0.035786711	0.167004652	0.155075749		0.536800668
1861	0.126564478	0.098439038	0.126564478	0.196878076		0.548446069
1862	0.174114916	0.188624492	0.087057458	0.145095763		0.594892629
1863	0.196969697	0.242424242	0.181818182	0.181818182	0.015151515	0.818181818
1864	0.218499636	0.174799709	0.101966497	0.131099782		0.626365623
1865	0.148468079	0.134970981	0.067485491	0.107976785	0.013497098	0.472398434
1866	0.122149837	0.095005429	0.135722041	0.095005429		0.447882736
1867	0.195592646	0.273829704	0.143434607	0.156474117	0.01303951	0.782370583
1868	0.148331273	0.148331273	0.098887515	0.148331273		0.543881335
1869	0.130827783	0.107040913	0.107040913	0.202188392		0.547098002
1870	0.132875651	0.077510796	0.12180268	0.155021592		0.487210719
1871	0.158068688	0.20117833	0.100589165	0.043109642		0.502945826
1872	0.219004745	0.146003163	0.182503954	0.194670885		0.742182747
1873	0.08444927	0.180962722	0.108577633	0.265411992		0.639401617
1874	0.179985601	0.107991361	0.119990401	0.191984641	0.01199904	0.611951044
1875	0.261958998	0.170842825	0.216400911	0.148063781		0.797266515
1876	0.249701444	0.141135599	0.11942243	0.227988275		0.738247747
1877	0.251778872	0.065681445	0.142309797	0.21893815		0.678708265
1878	0.219941349	0.115207373	0.104733976	0.219941349		0.659824047
1879	0.116476069	0.116476069	0.084709869	0.14824227		0.465904278
1880	0.215277262	0.074233539	0.163313785	0.155890431		0.608715017
1881	0.258989939	0.249028788	0.12949497	0.139456121		0.776969818
1882	0.210184389	0.143307538	0.105092195	0.143307538		0.60189166
1883	0.098992081	0.161987041	0.098992081	0.098992081		0.458963283
1884	0.230210731	0.15937666	0.115105366	0.141668142		0.6463609
1885	0.300167741	0.194226185	0.132426944	0.15008387		0.776904741
1886	0.293156881	0.19264595	0.117262752	0.150766396	0.025127733	0.778959712
1887	0.20241276	0.137640677	0.105254635	0.153833698		0.59914177
1888	0.247762148	0.127877238	0.103900256	0.223785166		0.703324808
1889	0.146080182	0.121733485	0.097386788	0.18665801		0.551858465
1890	0.199586571	0.106921377	0.114049469	0.185330387		0.605887804
1891	0.131436524	0.100510283	0.092778723	0.131436524		0.456162054
1892	0.298833819	0.138483965	0.072886297	0.109329446		0.619533528
1893	0.183190445	0.139224738	0.102586649	0.139224738	0.007327618	0.571554188
1894	0.215734215	0.079102546	0.107867108	0.194160794		0.596864663
1895	0.176566142	0.134190268	0.084751748	0.148315559	0.014125291	0.557949008
1896	0.214369684	0.096812115	0.12447272	0.089896964		0.525551483
1897	0.116159891	0.116159891	0.095661086	0.157157499		0.485138367
1898	0.169314926	0.084657463	0.097681688	0.162802813		0.51445689
1899	0.187000258	0.148310549	0.058034563	0.109620841		0.502966211
1900	0.233988753	0.128316413	0.094350304	0.10567234	0.071706231	0.634034042
1901	0.197860632	0.173128053	0.074197737	0.154578619		0.59976504
1902	0.141501091	0.170980485	0.112021697	0.170980485	0.005895879	0.601379636
1903	0.173552794	0.229537566	0.072780204	0.117568021		0.593438585
1904	0.140608945	0.189281272	0.091936618	0.140608945	0.016224109	0.578659889
1905	0.178474851	0.151433207	0.064899946	0.162249865		0.557057869
1906	0.225840336	0.173319328	0.110294118	0.115546218	0.005252101	0.630252101
1907	0.176229721	0.165863266	0.077748406	0.191779402		0.611620795
1908	0.203929371	0.203929371	0.069634419	0.11937329		0.596866451
1909	0.192780375	0.23133645	0.067473131	0.173502337	0.009639019	0.674731312
1910	0.202778497	0.220036241	0.051773233	0.125118647	0.043144361	0.642850979
1911	0.25519341	0.183560172	0.053724928	0.134312321	0.008954155	0.635744986
1912	0.214059423	0.239746554	0.034249508	0.1113109	0.021405942	0.620772326
1913	0.205558648	0.149886514	0.059954606	0.11562674	0.021412359	0.552438868
1914	0.216791486	0.152739456	0.049270792	0.088687426	2.695112337	3.202601498
1915	0.202171471	0.134780981	0.074878323	0.127293149	9.195058031	9.734181954
1916	0.19088523	0.167024576	0.047721308	0.079535513	8.120575837	8.605742464
1917	0.24068323	0.139751553	0.054347826	0.077639752	7.531055901	8.043478261
1918	0.22520711	0.144775999	0.024129333	0.064344889	6.884903081	7.343360412
1919	0.229568411	0.223829201	0.040174472	0.103305785	4.947199265	5.544077135
1920	0.251993036	0.219921195	0.054980299	0.068725373	2.226702098	2.822322001
1921	0.234352114	0.1367054	0.03417635	0.087882043	1.679523484	2.172639391
1922	0.324032403	0.279027903	0.0270027	0.072007201	1.260126013	1.96219622
1923	0.340656628	0.311034313	0.049370526	0.098741052	0.997284621	1.797087139
1924	0.301732529	0.291999221	0.053533191	0.141132957	0.832197781	1.620595678
1925	0.21271054	0.217051571	0.043410314	0.104184754	0.907275569	1.484632749
1926	0.299300228	0.358317174	0.075878931	0.084309923	0.649186409	1.466992665
1927	0.276055211	0.26005201	0.044008802	0.120024005	0.640128026	1.340268054
1928	0.294013877	0.258732212	0.043122035	0.113685366	0.705633306	1.415186797
1929	0.276393647	0.20242915	0.066178761	0.116786048	0.78635939	1.448146995
1930	0.242605872	0.239038139	0.032109601	0.085625602	0.988262157	1.587641371
1931	0.251878768	0.239491287	0.024774961	0.074324882	0.747377983	1.337847882
1932	0.197767426	0.298848554	0.039553485	0.10547596	0.672409247	1.314054672
1933	0.216229967	0.203510557	0.042398033	0.055117443	0.606291868	1.123547867
1934	0.223850224	0.21978022	0.048840049	0.101750102	0.716320716	1.310541311
1935	0.291568802	0.178180935	0.032396534	0.068842634	0.570988904	1.141977808
1936	0.226134712	0.189791633	0.032304959	0.088838637	0.504764981	1.041834922
1937	0.236776627	0.180592343	0.072236937	0.096315916	0.437434786	1.02335661
1938	0.221584984	0.221584984	0.078206465	0.09558568	0.543100452	1.160062565
1939	0.226055334	0.17691287	0.717479974	0.108113421	1.189247629	2.417809229
1940	0.349608912	0.207395117	3.253140555	0.059255748	3.673856364	7.543256696
1941	0.252023828	0.145104628	4.009469986	0.129830457	4.2691309	8.805559798
1942	0.383798791	0.18781643	4.197288911	0.097991181	4.434100931	9.300996244
1943	0.27615591	0.236705065	3.992425438	0.142023039	4.237020672	8.884330125
1944	0.300248778	0.205884876	3.585828258	0.094363902	3.731663378	7.917989191
1945	0.448210659	0.238111913	5.196442328	0.119055956	5.29448841	11.29630927
1946	0.54897132	0.359140116	3.186085886	0.076958596	3.165563593	7.336719512
1947	0.501293661	0.301854248	1.687149633	0.102414834	1.676369125	4.269081501
1948	0.54959714	0.277466517	1.237927539	0.170748626	1.189904487	3.425644309
1949	0.396998042	0.277354797	0.968022623	0.114204916	0.935392647	2.691973026
1950	0.450031796	0.283715697	0.709289243	0.117399599	0.665264394	2.225700729
1951	0.365938087	0.217584809	0.682425082	0.098902186	0.667589754	2.032439917
1952	0.341233976	0.230563497	0.719358111	0.133726828	0.765470811	2.190353223
1953	0.341281602	0.211055728	0.529884593	0.10328259	0.511922403	1.697426916
1954	0.514201763	0.257100881	0.60806399	0.126509958	0.60806399	2.113940581
1955	0.501213877	0.215365338	0.575612812	0.078314668	0.563865612	1.934372308
1956	0.493126121	0.220412433	0.556634788	0.100866707	0.545427376	1.916467424
1957	0.467383995	0.16139879	0.501008742	0.104236718	0.544720915	1.778749159
1958	0.4174845	0.152662243	0.510951179	0.105928903	0.563915631	1.750942456
1959	0.403854979	0.195808475	0.575187395	0.116261282	0.602722962	1.893835093
1960	0.427443507	0.171521917	0.631636265	0.127960795	0.647971685	2.006534168
1961	0.373842363	0.195417599	0.555099266	0.110453425	0.591917075	1.826729729
1962	0.376929686	0.160749425	0.65962695	0.146891716	0.69011391	2.034311688
1963	0.456559326	0.167495137	0.645666739	0.113464448	0.726712773	2.109898422
1964	0.38795779	0.14742396	0.861266294	0.131905649	0.964721705	2.493275398
1965	0.392899068	0.196449534	0.788193862	0.095829041	0.891210081	2.364581586
1966	0.373656099	0.210897921	0.745019829	0.096279486	0.81379089	2.239644224
1967	0.37989797	0.204059481	0.640399436	0.108542277	0.67730381	2.010202974
1968	0.384404174	0.228107971	0.593503147	0.097157099	0.671651248	1.974823639
1969	0.34716306	0.215113307	0.651729426	0.085193389	0.713494633	2.012693815
1970	0.340367597	0.172185961	0.820886557	0.08609298	0.892964402	2.312497497
1971	0.390553113	0.141089868	0.766792761	0.08792557	0.809733156	2.196094469
1972	0.416599581	0.175092578	0.794960554	0.092577685	0.823136371	2.302366769
1973	0.346198738	0.174088508	0.911986389	0.061326634	0.955508516	2.449108786
1974	0.395173105	0.179273653	0.921428021	0.092528337	0.965764515	2.554167631
1975	0.625500889	0.183740886	1.102445318	0.07232354	1.135675052	3.119685686
1976	0.580927521	0.16485781	0.755598296	0.088316684	0.812513493	2.402213805
1977	0.591558909	0.183914148	0.747032725	0.091009063	0.792537257	2.406052103
1978	0.610353402	0.152588351	0.666867606	0.096074147	0.730917037	2.256800543
1979	0.53948832	0.183537264	0.743418613	0.135335558	0.797182054	2.398961809
1980	0.560846561	0.139329806	0.728395062	0.104056437	0.798941799	2.331569665
1981	0.419031929	0.179073474	0.693014344	0.13609584	0.746736386	2.173951972
1982	0.47223467	0.194753714	0.699734583	0.117196925	0.765226983	2.249146875
1983	0.530654474	0.17187865	0.857724527	0.133497981	0.912792444	2.606548076
1984	0.530376855	0.158154544	0.992060322	0.138984296	1.033595859	2.853171877
1985	0.55615823	0.172653516	1.058839707	0.117648856	1.11231646	3.01761677
1986	0.544633553	0.147273359	0.651615144	0.109760333	0.703021883	2.156304272
1987	0.552417345	0.152295509	0.546879327	0.117682893	0.624411586	1.993686659
1988	0.504087375	0.172029819	0.601437583	0.122687933	0.709456306	2.109699014
1989	0.517665329	0.159182089	0.757085544	0.113886372	0.843794487	2.391613822
1990	0.547760663	0.189365055	0.819734635	0.137257892	0.882009049	2.576127294
1991	0.622348668	0.166383011	0.736657607	0.138440826	0.82429446	2.488124571
1992	0.637404903	0.157234606	0.720860194	0.133044667	0.764402085	2.412946456
1993	0.646086757	0.166398898	0.831994492	0.157218269	0.903144365	2.704842782
1994	0.694398003	0.157159099	1.166989902	0.146013063	1.256158185	3.420718251
1995	0.680721697	0.166325204	1.614786421	0.17073117	1.689687837	4.32225233
1996	0.606823296	0.190898717	0.85211215	0.167436305	0.9299647	2.747235168
1997	0.713733972	0.210103507	0.851743138	0.142128843	0.941346104	2.859055564
1998	0.664658011	0.206204142	0.796788821	0.180178377	0.959950351	2.807779702
1999	0.701890411	0.192815825	0.836555432	0.187714877	0.933473439	2.852449985
2000	0.691384736	0.181943352	0.893981117	0.19472856	0.996262785	2.958300551
2001	0.641612224	0.1713094	0.861867166	0.180885702	0.956566151	2.812240642
2002	0.646802736	0.203539323	0.831118901	0.228416351	0.93515011	2.845027421
2003	0.751652182	0.171875378	0.893267811	0.233605268	1.039724999	3.090125638
2004	0.688141902	0.176917951	1.205109942	0.225168302	1.391218436	3.686556533
2005	0.752605621	0.174483529	1.423785595	0.266378187	1.575004653	4.192257584
2006	0.718950403	0.151791493	1.014296641	0.296522916	1.177854916	3.359416368
2007	0.637860082	0.163526099	0.965995235	0.228503357	1.126272471	3.122157245
2008	0.539808253	0.177157149	0.870154231	0.234472697	1.129637349	2.951229679
2009	0.562884785	0.2176781	0.937774846	0.201187335	1.091688654	3.01121372
2010	0.521848339	0.17539301	1.033952622	0.22736131	1.243991165	3.202546447
2011	0.49823208	0.194012031	1.028608165	0.238784038	1.18473619	3.144372503
2012	0.475134621	0.19457894	1.06565908	0.21381058	1.237612562	3.186795783
2013	0.525712334	0.182962529	0.989217408	0.208577283	1.330747463	3.237217018
2014	0.289467825	0.190279549	1.040464768	0.176109795	1.963523006	3.659844942
2015	0.138792505	0.208188758	0.27758501	0.208188758	0.27758501	1.110340042
Grand Total	1072.475711	79.68026952	156.4053341	86.19884215	149.0819965	1543.842153
